"Target String","URL Safe String","User","Hub","Hub Type","Blog Title","Blog Locale"
".org",".org","","Insights Articles (blog posts)","MARKETING","Artificial intelligence: Investing in the age of transformation","en_US"
".org",".org","","Insights Articles (blog posts)","MARKETING","Artificial intelligence: Investing in the age of transformation","en_US"
".org",".org","","Insights Articles (blog posts)","MARKETING","Climate change is reshaping the investment landscape","en_US"
".org",".org","","Insights Articles (blog posts)","MARKETING","Tackling diversity in the boardroom with Forbes and theBoardlist","en_US"
".org",".org","","Insights Articles (blog posts)","MARKETING","What does retirement look like in a modern world?","en_US"
".org",".org","","Insights Articles (blog posts)","MARKETING","The Millennial wealth plan: Four keys to your future","en_US"
".org",".org","","Insights Articles (blog posts)","MARKETING","Plastics and recycling: a material issue for investors","en_US"
".org",".org","","Insights Articles (blog posts)","MARKETING","Wealth planning tips for second marriages","en_US"
".org",".org","","Insights Articles (blog posts)","MARKETING","The shifting landscape of global wealth","en_US"
".org",".org","","Insights Articles (blog posts)","MARKETING","The shifting landscape of global wealth","en_US"
".org",".org","AnnMarie Etergino","The Etergino Group","PERSONAL","Investing in the power of women","en_US"
".org",".org","","Insights Articles (blog posts)","MARKETING","Young high-net-worth investors' mindset and technological savvy spurs global investing","en_US"
".org",".org","","Insights Articles (blog posts)","MARKETING","Why a power of attorney should be part of your retirement plans","en_US"
".org",".org","","Insights Articles (blog posts)","MARKETING","How to protect your aging parents from financial missteps","en_US"
".org",".org","","Insights Articles (blog posts)","MARKETING","How the CARES Act stimulus will impact your small business","en_US"
".org",".org","","Insights Articles (blog posts)","MARKETING","Health and wealth: Why investing in your wellness now will help you in the future","en_US"
".org",".org","","Insights Articles (blog posts)","MARKETING","Video streaming: Cord-cutting in the time of COVID-19","en_US"
".org",".org","","Insights Articles (blog posts)","MARKETING","Climate change 2021: Drive to decarbonise the global economy","en_US"
".org",".org","","Insights Articles (blog posts)","MARKETING","Army rangerâ€™s 565-mile run inspires thousands to support veterans","en_US"
".org",".org","","Insights Articles (blog posts)","MARKETING","The re-imagined bucket list: How to finance your dreams","en_US"
".org",".org","","Insights Articles (blog posts)","MARKETING","How climate change could impact your retirement plans","en_US"
".org",".org","","Insights Articles (blog posts)","MARKETING","Collaborative philanthropy: How the next generation is teaming up to create lasting change","en_US"
".org",".org","","Insights Articles (blog posts)","MARKETING","Passions and personal experiences drive executives to serve their communities","en_US"
".org",".org","","Insights Articles (blog posts)","MARKETING","Net zero: What will life be like in 2050?","en_US"
".org",".org","","Insights Articles (blog posts)","MARKETING","How to protect yourself from digital deception","en_US"
".org",".org","","Insights Articles (blog posts)","MARKETING","Supporting nonprofits to help kids reach their full potential","en_US"
